n,CJ,tJ,CM,tM
5,54,0.0037264,54,0.228798
10,179,0.0018238,179,0.1522466
20,318,0.0011085,318,0.5173335
40,705,0.0005234,705,1.0622126
