n,CJ,tJ,CM,tM
5,54,0.0038738,54,0.2302259
10,179,0.0020284,179,0.1552554
20,318,0.0016399,318,0.5351577
40,705,0.000551,705,1.1018483
